Districts,County
Cullman City School District,Cullman
Moffat County School District RE-1,Moffat
Coventry School District,Tolland
Calhoun County School District,Calhoun
Westmont Community Unit School District 201,Du Page
Winterset Community School District,Madison
Cedar Vale Unified School District 285,Chautauqua
Granby School District,Hampshire
Columbus Municipal School District,Lowndes
Gulfport School District,Harrison
Vicksburg Warren School District,Warren
Orchard Farm R-V School District,St Charles
Douglas County West Community Schools,Douglas
Cliffside Park Borough School District,Bergen
Lincoln Park Borough School District,Morris
Woodbine Borough School District,Cape May
South Country Central School District,Suffolk
Edmeston Central School District,Otsego
Garrison Union Free School District,Putnam
Hewlett-Woodmere Union Free School District,Nassau
Carrington Public School District 10,Foster
River View Local School District,Coshocton
Evergreen Local School District,Fulton
Cameron Public Schools,Le Flore
Prue Public Schools,Osage
Springer Public Schools,Carter
Bloomsburg Area School District,Columbia
Eastern Lebanon County School District,Lebanon
Lakeview School District,Mercer
Arlington Independent School District,Tarrant
Douglass Independent School District,Nacogdoches
Southwest Independent School District,Bexar
Highland School District,Yakima
Kettle Falls School District,Stevens
Richland School District,Benton
Albany School District,Green
Southern Door County School District,Door
Taylor County School District,Taylor
Goshen Community Schools,Elkhart
Brighton Area Schools,Livingston
Pinconning Area Schools,Bay
Sterling Public Schools,Johnson
Clay Local School District,Scioto
Era Independent School District,Cooke